{"cameraMode":{"drawMode":0,"name":"Shaded","section":"Shading Mode"},"sceneLighting":false,"audioPlay":false,"sceneViewState":{"m_AlwaysRefresh":false,"showFog":true,"showSkybox":false,"showFlares":true,"showImageEffects":true,"showParticleSystems":true,"showVisualEffectGraphs":true,"m_FxEnabled":true},"in2DMode":false,"pivot":{"x":-1.3347270488739014,"y":0.5095531344413757,"z":-0.37958061695098879},"rotation":{"x":-0.08718840032815933,"y":0.017032209783792497,"z":-0.001483084517531097,"w":-0.9960698485374451},"size":1.3094619512557984,"orthographic":false}