{"cameraMode":{"drawMode":0,"name":"Shaded","section":"Shading Mode"},"sceneLighting":false,"audioPlay":false,"sceneViewState":{"m_AlwaysRefresh":false,"showFog":true,"showSkybox":false,"showFlares":true,"showImageEffects":true,"showParticleSystems":true,"showVisualEffectGraphs":true,"m_FxEnabled":true},"in2DMode":false,"pivot":{"x":15.309563636779786,"y":0.9649999141693115,"z":0.0263596773147583},"rotation":{"x":-0.1140441820025444,"y":0.01847604662179947,"z":-0.0021131266839802267,"w":-0.9933263063430786},"size":1.8775089979171754,"orthographic":false}