{"cameraMode":{"drawMode":0,"name":"Shaded","section":"Shading Mode"},"sceneLighting":true,"audioPlay":false,"sceneViewState":{"m_AlwaysRefresh":false,"showFog":true,"showSkybox":true,"showFlares":true,"showImageEffects":true,"showParticleSystems":true,"showVisualEffectGraphs":true,"m_FxEnabled":true},"in2DMode":false,"pivot":{"x":2.404397487640381,"y":0.54899001121521,"z":2.289475917816162},"rotation":{"x":-0.10063981264829636,"y":0.006564448121935129,"z":-0.0006505328929051757,"w":-0.9949296712875366},"size":12.32662296295166,"orthographic":false}