{"cameraMode":{"drawMode":0,"name":"Shaded","section":"Shading Mode"},"sceneLighting":true,"audioPlay":false,"sceneViewState":{"m_AlwaysRefresh":false,"showFog":true,"showSkybox":true,"showFlares":true,"showImageEffects":true,"showParticleSystems":true,"showVisualEffectGraphs":true,"m_FxEnabled":true},"in2DMode":false,"pivot":{"x":2.2357630729675295,"y":0.39251405000686648,"z":2.2898285388946535},"rotation":{"x":-0.21738024055957795,"y":0.22516734898090363,"z":-0.05157703161239624,"w":-0.9483926892280579},"size":4.806809902191162,"orthographic":false}